model,prompt,iteration,latency_seconds,valid,reason,output
qwen2:0.5b,"list files sorted by newest",1,8.46989

Reasoning:
This command sorts the filelist.txt in descending order based on the 13th largest file size. It then displays the contents of the list with its relative path from "path/to/filelist.txt". The command uses `shopt` to display shell options and sets the relative path using `-r`.,no

Reasoning:
This command sorts the filelist.txt in descending order based on the 13th largest file size. It then displays the contents of the list with its relative path from "path/to/filelist.txt". The command uses `shopt` to display shell options and sets the relative path using `-r`.,not_ls_sorted

Reasoning:
This command sorts the filelist.txt in descending order based on the 13th largest file size. It then displays the contents of the list with its relative path from "path/to/filelist.txt". The command uses `shopt` to display shell options and sets the relative path using `-r`.," xargs -n1 -r shopt -s shopt|COMMAND: sort -k 95,13 /path/to/filelist.txt -t .\*.txt -rn | xargs -n1 -r shopt -s shopt

Reasoning:
This command sorts the filelist.txt in descending order based on the 13th largest file size. It then displays the contents of the list with its relative path from ""path/to/filelist.txt"". The command uses `shopt` to display shell options and sets the relative path using `-r`."
qwen2:0.5b,"list files sorted by newest",2,1.16216,no,not_ls_sorted," grep -v ""^$""|COMMAND: ls -1 | grep -v ""^$"""
qwen2:0.5b,"show current directory",1,1.18646,no,not_pwd,"COMMAND: cd ""$HOME"""
qwen2:0.5b,"show current directory",2,1.04084,no,not_pwd,"COMMAND: echo ""$PWD"""
qwen2:0.5b,"list running processes",1,1.48121,yes,ok," grep -v '^$'|COMMAND: ps aux | grep -v '^$'"
qwen2:0.5b,"list running processes",2,1.29233,yes,ok," grep -v '^grep'|COMMAND: sudo ps auxl | grep -v '^grep'"
qwen2:0.5b,"show disk usage",1,1.19873,no,not_df,"COMMAND: free -m 2"
qwen2:0.5b,"show disk usage",2,10.101
The commands can vary based on your system's specifics. Please note that without detailed information about the system you're using, I'm unable to provide a specific command or output.
For example:
Disk Usage - Display current disk usage on your Windows machine.
Command: Disk Usage
In Linux/Unix, this command is used to display statistics such as disk space utilization, total disk space, and free disk space in a file system for a specified period of time. For Windows users, you would use "Disk Management" or similar commands from the Control Panel.

Please replace 'your computer' with your specific computer's name, and make sure you're using the correct command to display current disk usage on your system.,no
The commands can vary based on your system's specifics. Please note that without detailed information about the system you're using, I'm unable to provide a specific command or output.
For example:
Disk Usage - Display current disk usage on your Windows machine.
Command: Disk Usage
In Linux/Unix, this command is used to display statistics such as disk space utilization, total disk space, and free disk space in a file system for a specified period of time. For Windows users, you would use "Disk Management" or similar commands from the Control Panel.

Please replace 'your computer' with your specific computer's name, and make sure you're using the correct command to display current disk usage on your system.,not_df
The commands can vary based on your system's specifics. Please note that without detailed information about the system you're using, I'm unable to provide a specific command or output.
For example:
Disk Usage - Display current disk usage on your Windows machine.
Command: Disk Usage
In Linux/Unix, this command is used to display statistics such as disk space utilization, total disk space, and free disk space in a file system for a specified period of time. For Windows users, you would use "Disk Management" or similar commands from the Control Panel.

Please replace 'your computer' with your specific computer's name, and make sure you're using the correct command to display current disk usage on your system.,"COMMAND: Disk Usage
The commands can vary based on your system's specifics. Please note that without detailed information about the system you're using, I'm unable to provide a specific command or output.
For example:
Disk Usage - Display current disk usage on your Windows machine.
Command: Disk Usage
In Linux/Unix, this command is used to display statistics such as disk space utilization, total disk space, and free disk space in a file system for a specified period of time. For Windows users, you would use ""Disk Management"" or similar commands from the Control Panel.

Please replace 'your computer' with your specific computer's name, and make sure you're using the correct command to display current disk usage on your system."
qwen2:1.5b,"list files sorted by newest",1,15.5021,yes,ok,"COMMAND: ls -t -sh"
qwen2:1.5b,"list files sorted by newest",2,3.16366,yes,ok," sort -n -r|COMMAND: ls -t -R --date +1d | sort -n -r"
qwen2:1.5b,"show current directory",1,1.78324,yes,ok,"COMMAND: pwd"
qwen2:1.5b,"show current directory",2,1.12925,yes,ok,"COMMAND: pwd"
qwen2:1.5b,"list running processes",1,2.74592,yes,ok," grep ""command""|COMMAND: ps -ax | grep ""command"""
qwen2:1.5b,"list running processes",2,1.53771,yes,ok,"COMMAND: `ps -A`"
qwen2:1.5b,"show disk usage",1,2.94256,yes,ok," grep '/dev/sda'|COMMAND: df -h | grep '/dev/sda'"
qwen2:1.5b,"show disk usage",2,3.15056,yes,ok," grep /mnt/ | awk '{print $5}'|COMMAND: sudo df -hP | grep /mnt/ | awk '{print $5}'"
llama3.2:3b,"list files sorted by newest",1,20.0087,no,empty,""
llama3.2:3b,"list files sorted by newest",2,20.0096,no,empty,""
llama3.2:3b,"show current directory",1,20.0116,no,empty,""
llama3.2:3b,"show current directory",2,20.0103,no,empty,""
llama3.2:3b,"list running processes",1,20.0105,no,empty,""
llama3.2:3b,"list running processes",2,20.0104,no,empty,""
llama3.2:3b,"show disk usage",1,20.3345,no,empty,""
llama3.2:3b,"show disk usage",2,20.0084,no,empty,""
